related_ref,
"3,304,869,918",
"11,269,846,956",
"13,328",
"16,376",
"18,198",
"26,51",
"27,384",
"28,287,811",
"34,967",
"1086,362,38,50,785",
"356,40",
"44,454",
"48,736",
"131,142,236,434,49,588,936",
"1034,52",
"1059,53",
"1191,363,471,59",
"1198,60",
"518,62,98",
"64,92",
"1083,201,319,480,535,705,82,83",
"1149,190,302,342,488,87,947",
"91,947",
"1224,271,93",
"292,95",
"467,521,672,96",
"122,629,99",
"100,173",
"106,1085,121,322,419,887",
"109,146",
"115,190,302,342,444",
"1107,117,947",
"124,229,635,657,719",
"125,514,531",
"127,955",
"1195,139,266,456,508,716",
"140,598",
"141,549",
"143,311",
"147,261,513,727",
"1055,148,221,251,367,410,414",
"1268,153",
"155,638",
"156,427,781",
"160,776",
"164,415,712,845",
"172,188,247,758,812",
"1263,178,276",
"1019,180,223,463,636,659,887,943",
"182,445",
"183,196,217",
"184,465",
"1038,186,435,744,798,186,222,249,259,435,950,186,246",
"1149,190,302,342,488,87,947,115,190,302,342,444",
"191,694",
"193,200,660,668,718",
"203,310,401,423,548,617,991",
"1036,206",
"207,218",
"208,980",
"209,303",
"210,231",
"1046,1065,212,756",
"213,446,583",
"216,253,793",
"186,222,249,259,435,950",
"224,809",
"226,368",
"227,284,528,887",
"228,348,353,228,352",
"1046,232",
"1127,240",
"241,289",
"243,862",
"186,246",
"250,796",
"1066,256",
"1015,263",
"265,350",
"1088,273",
"1094,278,295,687,693,721",
"282,296",
"283,297",
"286,539",
"290,301,378,885,945",
"293,341",
"300,305",
"1100,308",
"313,859",
"1130,314,403",
"1046,1245,1259,316,505,578,667",
"1084,318,344,449",
"324,658,661,963",
"325,722",
"326,487",
"1108,329",
"334,691",
"336,656",
"337,391,780",
"338,585,670,933,947",
"1093,343",
"346,441",
"228,348,353",
"351,360,373",
"228,352",
"1046,365,520,601,633,922",
"372,374",
"375,483",
"377,529",
"1198,383",
"387,432,436,568,961",
"389,474",
"394,424,451,909",
"1179,396",
"397,586,923",
"399,931",
"402,908",
"1046,418,633",
"394,424,451,909,424,677,909",
"1038,186,435,744,798,186,222,249,259,435,950",
"440,700,778",
"442,704",
"450,607",
"452,647",
"1128,453",
"457,600,457,830",
"1067,464,774",
"479,579,682,765",
"485,557,790,815,817",
"490,907",
"492,811",
"495,679,832",
"499,688,747,852",
"504,663",
"510,577,944",
"511,737",
"519,892",
"525,589",
"533,871",
"536,926",
"566,623",
"570,708",
"571,580",
"594,696,889",
"595,678",
"457,600",
"602,894",
"608,912",
"610,632,794",
"1001,1276,613,707,713,763,769,775,884,911,913,971,613,627,684,697,709,720",
"618,865",
"1031,1049,627,684,720,751,763,972,613,627,684,697,709,720",
"1046,365,520,601,633,922,1046,418,633",
"642,728",
"1258,671,764",
"674,888",
"424,677,909",
"1174,690,882",
"692,699,720,740,768,958",
"613,627,684,697,709,720",
"1032,698,702,710,720",
"1001,1276,613,707,713,763,769,775,884,911,913,971",
"711,932",
"1031,1049,627,684,720,751,763,972,1032,698,702,710,720,1049,720,769,613,627,684,697,709,720,692,699,720,740,768,958",
"1109,723",
"732,746,998",
"734,759",
"1038,186,435,744,798",
"1031,1049,627,684,720,751,763,972",
"1001,1276,613,707,713,763,769,775,884,911,913,971,1031,1049,627,684,720,751,763,972",
"1001,1276,613,707,713,763,769,775,884,911,913,971,1049,720,769",
"1009,793,216,253,793",
"806,838",
"28,287,811,492,811",
"819,820",
"828,851",
"457,830",
"1226,837",
"1033,849,861",
"1199,883",
"1082,886",
"1019,180,223,463,636,659,887,943,106,1085,121,322,419,887,227,284,528,887",
"895,896",
"899,905",
"1000,1022,1041,1275,911,914,983,1000,1043,911,916,983,1001,1276,613,707,713,763,769,775,884,911,913,971,1042,1180,911,915,911,917",
"1000,1022,1041,1275,911,914,983",
"1042,1180,911,915",
"1000,1043,911,916,983",
"911,917",
"1274,920,987",
"1120,942",
"1107,117,947,1149,190,302,342,488,87,947,338,585,670,933,947,91,947",
"1119,970,982",
"1013,982,1119,970,982",
"1000,1022,1041,1275,911,914,983,1000,1043,911,916,983",
"1008,1166",
"1009,793",
"1010,1178",
"1011,1258",
"1013,982",
"1039,1058,1110",
"1046,1065,212,756,1046,1245,1259,316,505,578,667,1046,232,1046,365,520,601,633,922,1046,418,633",
"1031,1049,627,684,720,751,763,972,1049,720,769",
"1095,1148",
"1131,1258",
"1133,1246",
"1147,1178,1265",
"1155,1158",
"1159,1171",
"1010,1178,1147,1178,1265",
"1184,1186",
"1188,1189,1264",
"1198,383,1198,60",
"1011,1258,1131,1258,1258,671,764",
,
,
,
,
,
,
,
,
,
,
,
,
,
,
,
,
,
,
,
,
,
,
,
,
,
,
,
,
,
,
,
,
,
,
,
,
,
,
,
,
,
,
,
,
,
,
,
,
,
,
,
,
,
,
,
,
,
,
,
,
,
,
,
,
,
,
,
,
,
,
,
,
,
,
,
,
,
,
,
,
,
,
,
,
,
,
,
,
,
,
,
,
,
,
,
,
,
,
,
,
,
,
,
,
,
,
,
,
,
,
,
,
,
,
,
,
,
,
,
,
,
,
,
,
,
,
,
,
,
,
,
,
,
,
,
,
,
,
,
,
,
,
,
,
,
,
,
,
,
,
,
,
,
,
,
,
,
,
,
,
,
,
,
,
,
,
,
,
,
,
,
,
,
,
,
,
,
,
,
,
,
,
,
,
,
,
,
,
,
,
,
,
,
,
,
,
,
,
,
,
,
,
,
,
,
,
,
,
,
,
,
,
,
,
,
,
,
,
,
,
,
,
,
,
,
,
,
,
,
,
,
,
,
,
,
,
,
,
,
,
,
,
,
,
,
,
,
,
,
,
,
,
,
,
,
,
,
,
,
,
,
,
,
,
,
,
,
,
,
,
,
,
,
,
,
,
,
,
,
,
,
,
,
,
,
,
,
,
,
,
,
,
,
,
,
,
,
,
,
,
,
,
,
,
,
,
,
,
,
,
,
,
,
,
,
,
,
,
,
,
,
,
,
,
,
,
,
,
,
,
,
,
,
,
,
,
,
,
,
,
,
,
,
,
,
,
,
,
,
,
,
,
,
,
,
,
,
,
,
,
,
,
,
,
,
,
,
,
,
,
,
,
,
,
,
,
,
,
,
,
,
,
,
,
,
,
,
,
,
,
,
,
,
,
,
,
,
,
,
,
,
,
,
,
,
,
,
,
,
,
,
,
,
,
,
,
,
,
,
,
,
,
,
,
,
,
,
,
,
,
,
,
,
,
,
,
,
,
,
,
,
,
,
,
,
,
,
,
,
,
,
,
,
,
,
,
,
,
,
,
,
,
,
,
,
,
,
,
,
,
,
,
,
,
,
,
,
,
,
,
,
,
,
,
,
,
,
,
,
,
,
,
,
,
,
,
,
,
,
,
,
,
,
,
,
,
,
,
,
,
,
,
,
,
,
,
,
,
,
,
,
,
,
,
,
,
,
,
,
,
,
,
,
,
,
,
,
,
,
,
,
,
,
,
,
,
,
,
,
,
,
,
,
,
,
,
,
,
,
,
,
,
,
,
,
,
,
,
,
,
,
,
,
,
,
,
,
,
,
,
,
,
,
,
,
,
,
,
,
,
,
,
,
,
,
,
,
,
,
,
,
,
,
,
,
,
,
,
,
,
,
,
,
,
,
,
,
,
,
,
,
,
,
,
,
,
,
,
,
,
,
,
,
,
,
,
,
,
,
,
,
,
,
,
,
,
,
,
,
,
,
,
,
,
,
,
,
,
,
,
,
,
,
,
,
,
,
,
,
,
,
,
,
,
,
,
,
,
,
,
,
,
,
,
,
,
,
,
,
,
,
,
,
,
,
,
,
,
,
,
,
,
,
,
,
,
,
,
,
,
,
,
,
,
,
,
,
,
,
,
,
,
,
,
,
,
,
,
,
,
,
,
,
,
,
,
,
,
,
,
,
,
,
,
,
,
,
,
,
,
,
,
,
,
,
,
,
,
,
,
,
,
,
,
,
,
,
,
,
,
,
,
,
,
,
,
,
,
,
,
,
,
,
,
,
,
,
,
,
,
,
,
,
,
,
,
,
,
,
,
,
,
,
,
,
,
,
,
,
,
,
,
,
,
,
,
,
,
,
,
,
,
,
,
,
,
,
,
,
,
,
,
,
,
,
,
,
,
,
,
,
,
,
,
,
,
,
,
,
,
,
,
,
,
,
,
,
,
,
,
,
,
,
,
,
,
,
,
,
,
,
,
,
,
,
,
,
,
,
,
,
,
,
,
,
,
,
,
,
,
,
,
,
,
,
,
,
,
,
,
,
,
,
,
,
,
,
,
,
,
,
,
,
,
,
,
,
,
,
,
,
,
,
,
,
,
,
,
,
,
,
,
,
,
,
,
,
,
,
,
,
,
,
,
,
,
,
,
,
,
,
,
,
,
,
,
,
,
,
,
,
,
,
,
,
,
,
,
,
,
,
,
,
,
,
,
,
,
,
,
,
,
,
,
,
,
,
,
,
,
,
,
,
,
,
,
,
,
,
,
,
,
,
,
,
,
,
,
,
,
,
,
,
,
,
,
,
,
,
,
,
,
,
,
,
,
,
,
,
,
,
,
,
,
,
,
,
,
,
,
,
,
,
,
,
,
,
,
,
,
,
,
,
,
,
,
,
,
,
,
,
,
,
,
,
,
,
,
,
,
,
,
,
,
,
,
,
,
,
,
,
,
,
,
,
,
,
,
,
,
,
,
,
,
,
,
,
,
,
,
,
,
,
,
,
,
,
,
,
,
,
,
,
,
,
,
,
,
,
,
,
,
,
,
,
,
,
,
,
,
,
,
,
,
,
,
,
,
,
,
,
,
,
,
,
,
,
,
,
,
,
,
,
,
,
,
,
,
,
,
,
,
,
,
,
,
,
,
,
,
,
,
,
,
,
,
,
,
,
,
,
,
,
,
,
,
,
,
,
,
,
,
,
,
,
,
,
,
,
,
,
,
,
,
,
,
,
,
,
,
,
,
,
,
,
,
,
,
,
,
,
,
,
,
,
,
,
,
,
,
,
,
,
,
,
,
,
,
,
,
,
,
,
,
,
,
,
,
,
,
,
,
,
,
,
,
,
,
,
,
,
,
,
,
,
,
,
,
,
,
,
,
,
,
,
,
,
,
,
,
,
,
,
,
,
,
,
,
,
,
,
,
,
,
,
,
,
,
,
,
,
,
,
,
,
,
,
,
,
,
,
,
,
,
,
,
,
,
,
,
,
,
,
,
,
,
,
,
,
,
,
,
,
,
,
,
,
,
,
,
,
,
,
,
,
,
,
,
,
,
,
,
,
,
,
,
,
,
,
,
,
,
,
,
,
,
,
,
,
,
,
,
,
,
,
,
,
,
,
,
,
,
,
,
,
,
,
,
,
,
,
,
,
,
,
,
,
,
,
,
,
,
,
,
,
,
,
,
,
,
,
,
,
,
,
,
,
,
,
,
,
,
,
,
,
,
,
,
,
,
,
,
,
,
,
,
,
,
,
,
,
,
,
,
,
,
,
,
,
,
,
,
,
,
,
,
,
,
,
,
,
,
,
,
,
,
,
,
,
,
,
,
,
,
,
,
,
,
,
,
,
,
,
,
,
,
,
,
,
,
,
,
,
,
,
,
,
,
,
,
,
,
,
,
,
,
,
,
,
,
,
,
,
,
,
,
,
,
,
,
,
,
,
,
,
,
,
,
,
,
,
,
,
,
,
,
,
,
,
,
,
,
,
,
,
,
,
,
,
,
,
,
,
,
,
,
,
,
,
,
,
,
,
,
,
,
,
,
,
,
,
,
,
,
,
,
,
,
,
,
,
,
,
,
,
,
,
,
,
,
,
